policy,evaluation_scenario,target_coverage,actual_coverage,accepted_count,deferred_count,accepted_errors,accepted_accuracy,accepted_total_cost,cost_per_accepted,accepted_cost_per_input,experiment,evaluation_stage,partition,sample_count,requested_count,coverage_shortfall_count,source_comparison,changed_vs_original_aura
confidence,flat,0.5,0.4996668887408394,750,751.0,2,0.9973333333333332,2.0,0.0026666666666666,0.0013324450366422,distilbert,development,policy_validation,1501,750,0,artifacts/policies/distilbert/comparison.csv,
confidence,moderate,0.5,0.4996668887408394,750,751.0,2,0.9973333333333332,4.0,0.0053333333333333,0.0026648900732844,distilbert,development,policy_validation,1501,750,0,artifacts/policies/distilbert/comparison.csv,
confidence,high_protection,0.5,0.4996668887408394,750,751.0,2,0.9973333333333332,6.0,0.008,0.0039973351099267,distilbert,development,policy_validation,1501,750,0,artifacts/policies/distilbert/comparison.csv,
flat,flat,0.5,0.4996668887408394,750,751.0,2,0.9973333333333332,2.0,0.0026666666666666,0.0013324450366422,distilbert,development,policy_validation,1501,750,0,artifacts/policies/distilbert/comparison.csv,
flat,moderate,0.5,0.4996668887408394,750,751.0,2,0.9973333333333332,4.0,0.0053333333333333,0.0026648900732844,distilbert,development,policy_validation,1501,750,0,artifacts/policies/distilbert/comparison.csv,
flat,high_protection,0.5,0.4996668887408394,750,751.0,2,0.9973333333333332,6.0,0.008,0.0039973351099267,distilbert,development,policy_validation,1501,750,0,artifacts/policies/distilbert/comparison.csv,
moderate,flat,0.5,0.4996668887408394,750,751.0,2,0.9973333333333332,2.0,0.0026666666666666,0.0013324450366422,distilbert,development,policy_validation,1501,750,0,artifacts/policies/distilbert/comparison.csv,
moderate,moderate,0.5,0.4996668887408394,750,751.0,2,0.9973333333333332,4.0,0.0053333333333333,0.0026648900732844,distilbert,development,policy_validation,1501,750,0,artifacts/policies/distilbert/comparison.csv,
moderate,high_protection,0.5,0.4996668887408394,750,751.0,2,0.9973333333333332,6.0,0.008,0.0039973351099267,distilbert,development,policy_validation,1501,750,0,artifacts/policies/distilbert/comparison.csv,
high_protection,flat,0.5,0.4996668887408394,750,751.0,2,0.9973333333333332,2.0,0.0026666666666666,0.0013324450366422,distilbert,development,policy_validation,1501,750,0,artifacts/policies/distilbert/comparison.csv,
high_protection,moderate,0.5,0.4996668887408394,750,751.0,2,0.9973333333333332,4.0,0.0053333333333333,0.0026648900732844,distilbert,development,policy_validation,1501,750,0,artifacts/policies/distilbert/comparison.csv,
high_protection,high_protection,0.5,0.4996668887408394,750,751.0,2,0.9973333333333332,6.0,0.008,0.0039973351099267,distilbert,development,policy_validation,1501,750,0,artifacts/policies/distilbert/comparison.csv,
confidence,flat,0.7,0.6995336442371752,1050,451.0,14,0.9866666666666668,14.0,0.0133333333333333,0.0093271152564956,distilbert,development,policy_validation,1501,1050,0,artifacts/policies/distilbert/comparison.csv,
confidence,moderate,0.7,0.6995336442371752,1050,451.0,14,0.9866666666666668,29.0,0.0276190476190476,0.0193204530313124,distilbert,development,policy_validation,1501,1050,0,artifacts/policies/distilbert/comparison.csv,
confidence,high_protection,0.7,0.6995336442371752,1050,451.0,14,0.9866666666666668,45.0,0.0428571428571428,0.0299800133244503,distilbert,development,policy_validation,1501,1050,0,artifacts/policies/distilbert/comparison.csv,
flat,flat,0.7,0.6995336442371752,1050,451.0,14,0.9866666666666668,14.0,0.0133333333333333,0.0093271152564956,distilbert,development,policy_validation,1501,1050,0,artifacts/policies/distilbert/comparison.csv,
flat,moderate,0.7,0.6995336442371752,1050,451.0,14,0.9866666666666668,29.0,0.0276190476190476,0.0193204530313124,distilbert,development,policy_validation,1501,1050,0,artifacts/policies/distilbert/comparison.csv,
flat,high_protection,0.7,0.6995336442371752,1050,451.0,14,0.9866666666666668,45.0,0.0428571428571428,0.0299800133244503,distilbert,development,policy_validation,1501,1050,0,artifacts/policies/distilbert/comparison.csv,
moderate,flat,0.7,0.6995336442371752,1050,451.0,14,0.9866666666666668,14.0,0.0133333333333333,0.0093271152564956,distilbert,development,policy_validation,1501,1050,0,artifacts/policies/distilbert/comparison.csv,
moderate,moderate,0.7,0.6995336442371752,1050,451.0,14,0.9866666666666668,21.0,0.02,0.0139906728847435,distilbert,development,policy_validation,1501,1050,0,artifacts/policies/distilbert/comparison.csv,
moderate,high_protection,0.7,0.6995336442371752,1050,451.0,14,0.9866666666666668,28.0,0.0266666666666666,0.0186542305129913,distilbert,development,policy_validation,1501,1050,0,artifacts/policies/distilbert/comparison.csv,
high_protection,flat,0.7,0.6995336442371752,1050,451.0,15,0.9857142857142858,15.0,0.0142857142857142,0.0099933377748167,distilbert,development,policy_validation,1501,1050,0,artifacts/policies/distilbert/comparison.csv,
high_protection,moderate,0.7,0.6995336442371752,1050,451.0,15,0.9857142857142858,22.0,0.0209523809523809,0.0146568954030646,distilbert,development,policy_validation,1501,1050,0,artifacts/policies/distilbert/comparison.csv,
high_protection,high_protection,0.7,0.6995336442371752,1050,451.0,15,0.9857142857142858,29.0,0.0276190476190476,0.0193204530313124,distilbert,development,policy_validation,1501,1050,0,artifacts/policies/distilbert/comparison.csv,
confidence,flat,0.8,0.7994670219853431,1200,301.0,29,0.9758333333333332,29.0,0.0241666666666666,0.0193204530313124,distilbert,development,policy_validation,1501,1200,0,artifacts/policies/distilbert/comparison.csv,
confidence,moderate,0.8,0.7994670219853431,1200,301.0,29,0.9758333333333332,56.0,0.0466666666666666,0.0373084610259826,distilbert,development,policy_validation,1501,1200,0,artifacts/policies/distilbert/comparison.csv,
confidence,high_protection,0.8,0.7994670219853431,1200,301.0,29,0.9758333333333332,84.0,0.07,0.055962691538974,distilbert,development,policy_validation,1501,1200,0,artifacts/policies/distilbert/comparison.csv,
flat,flat,0.8,0.7994670219853431,1200,301.0,29,0.9758333333333332,29.0,0.0241666666666666,0.0193204530313124,distilbert,development,policy_validation,1501,1200,0,artifacts/policies/distilbert/comparison.csv,
flat,moderate,0.8,0.7994670219853431,1200,301.0,29,0.9758333333333332,56.0,0.0466666666666666,0.0373084610259826,distilbert,development,policy_validation,1501,1200,0,artifacts/policies/distilbert/comparison.csv,
flat,high_protection,0.8,0.7994670219853431,1200,301.0,29,0.9758333333333332,84.0,0.07,0.055962691538974,distilbert,development,policy_validation,1501,1200,0,artifacts/policies/distilbert/comparison.csv,
moderate,flat,0.8,0.7994670219853431,1200,301.0,35,0.9708333333333332,35.0,0.0291666666666666,0.0233177881412391,distilbert,development,policy_validation,1501,1200,0,artifacts/policies/distilbert/comparison.csv,
moderate,moderate,0.8,0.7994670219853431,1200,301.0,35,0.9708333333333332,59.0,0.0491666666666666,0.039307128580946,distilbert,development,policy_validation,1501,1200,0,artifacts/policies/distilbert/comparison.csv,
moderate,high_protection,0.8,0.7994670219853431,1200,301.0,35,0.9708333333333332,84.0,0.07,0.055962691538974,distilbert,development,policy_validation,1501,1200,0,artifacts/policies/distilbert/comparison.csv,
high_protection,flat,0.8,0.7994670219853431,1200,301.0,34,0.9716666666666668,34.0,0.0283333333333333,0.022651565622918,distilbert,development,policy_validation,1501,1200,0,artifacts/policies/distilbert/comparison.csv,
high_protection,moderate,0.8,0.7994670219853431,1200,301.0,34,0.9716666666666668,52.0,0.0433333333333333,0.0346435709526982,distilbert,development,policy_validation,1501,1200,0,artifacts/policies/distilbert/comparison.csv,
high_protection,high_protection,0.8,0.7994670219853431,1200,301.0,34,0.9716666666666668,70.0,0.0583333333333333,0.0466355762824783,distilbert,development,policy_validation,1501,1200,0,artifacts/policies/distilbert/comparison.csv,
confidence,flat,0.9,0.899400399733511,1350,151.0,68,0.9496296296296296,68.0,0.0503703703703703,0.0453031312458361,distilbert,development,policy_validation,1501,1350,0,artifacts/policies/distilbert/comparison.csv,
confidence,moderate,0.9,0.899400399733511,1350,151.0,68,0.9496296296296296,128.0,0.0948148148148148,0.0852764823451032,distilbert,development,policy_validation,1501,1350,0,artifacts/policies/distilbert/comparison.csv,
confidence,high_protection,0.9,0.899400399733511,1350,151.0,68,0.9496296296296296,190.0,0.1407407407407407,0.1265822784810126,distilbert,development,policy_validation,1501,1350,0,artifacts/policies/distilbert/comparison.csv,
flat,flat,0.9,0.899400399733511,1350,151.0,68,0.9496296296296296,68.0,0.0503703703703703,0.0453031312458361,distilbert,development,policy_validation,1501,1350,0,artifacts/policies/distilbert/comparison.csv,
flat,moderate,0.9,0.899400399733511,1350,151.0,68,0.9496296296296296,128.0,0.0948148148148148,0.0852764823451032,distilbert,development,policy_validation,1501,1350,0,artifacts/policies/distilbert/comparison.csv,
flat,high_protection,0.9,0.899400399733511,1350,151.0,68,0.9496296296296296,190.0,0.1407407407407407,0.1265822784810126,distilbert,development,policy_validation,1501,1350,0,artifacts/policies/distilbert/comparison.csv,
moderate,flat,0.9,0.899400399733511,1350,151.0,73,0.945925925925926,73.0,0.054074074074074,0.0486342438374417,distilbert,development,policy_validation,1501,1350,0,artifacts/policies/distilbert/comparison.csv,
moderate,moderate,0.9,0.899400399733511,1350,151.0,73,0.945925925925926,120.0,0.0888888888888888,0.0799467021985343,distilbert,development,policy_validation,1501,1350,0,artifacts/policies/distilbert/comparison.csv,
moderate,high_protection,0.9,0.899400399733511,1350,151.0,73,0.945925925925926,168.0,0.1244444444444444,0.111925383077948,distilbert,development,policy_validation,1501,1350,0,artifacts/policies/distilbert/comparison.csv,
high_protection,flat,0.9,0.899400399733511,1350,151.0,79,0.9414814814814816,79.0,0.0585185185185185,0.0526315789473684,distilbert,development,policy_validation,1501,1350,0,artifacts/policies/distilbert/comparison.csv,
high_protection,moderate,0.9,0.899400399733511,1350,151.0,79,0.9414814814814816,125.0,0.0925925925925925,0.0832778147901399,distilbert,development,policy_validation,1501,1350,0,artifacts/policies/distilbert/comparison.csv,
high_protection,high_protection,0.9,0.899400399733511,1350,151.0,79,0.9414814814814816,172.0,0.1274074074074074,0.1145902731512325,distilbert,development,policy_validation,1501,1350,0,artifacts/policies/distilbert/comparison.csv,
confidence,flat,1.0,1.0,1501,0.0,160,0.893404397068621,160.0,0.106595602931379,0.106595602931379,distilbert,development,policy_validation,1501,1501,0,artifacts/policies/distilbert/comparison.csv,
confidence,moderate,1.0,1.0,1501,0.0,160,0.893404397068621,300.0,0.1998667554963357,0.1998667554963357,distilbert,development,policy_validation,1501,1501,0,artifacts/policies/distilbert/comparison.csv,
confidence,high_protection,1.0,1.0,1501,0.0,160,0.893404397068621,448.0,0.2984676882078614,0.2984676882078614,distilbert,development,policy_validation,1501,1501,0,artifacts/policies/distilbert/comparison.csv,
flat,flat,1.0,1.0,1501,0.0,160,0.893404397068621,160.0,0.106595602931379,0.106595602931379,distilbert,development,policy_validation,1501,1501,0,artifacts/policies/distilbert/comparison.csv,
flat,moderate,1.0,1.0,1501,0.0,160,0.893404397068621,300.0,0.1998667554963357,0.1998667554963357,distilbert,development,policy_validation,1501,1501,0,artifacts/policies/distilbert/comparison.csv,
flat,high_protection,1.0,1.0,1501,0.0,160,0.893404397068621,448.0,0.2984676882078614,0.2984676882078614,distilbert,development,policy_validation,1501,1501,0,artifacts/policies/distilbert/comparison.csv,
moderate,flat,1.0,1.0,1501,0.0,160,0.893404397068621,160.0,0.106595602931379,0.106595602931379,distilbert,development,policy_validation,1501,1501,0,artifacts/policies/distilbert/comparison.csv,
moderate,moderate,1.0,1.0,1501,0.0,160,0.893404397068621,300.0,0.1998667554963357,0.1998667554963357,distilbert,development,policy_validation,1501,1501,0,artifacts/policies/distilbert/comparison.csv,
moderate,high_protection,1.0,1.0,1501,0.0,160,0.893404397068621,448.0,0.2984676882078614,0.2984676882078614,distilbert,development,policy_validation,1501,1501,0,artifacts/policies/distilbert/comparison.csv,
high_protection,flat,1.0,1.0,1501,0.0,160,0.893404397068621,160.0,0.106595602931379,0.106595602931379,distilbert,development,policy_validation,1501,1501,0,artifacts/policies/distilbert/comparison.csv,
high_protection,moderate,1.0,1.0,1501,0.0,160,0.893404397068621,300.0,0.1998667554963357,0.1998667554963357,distilbert,development,policy_validation,1501,1501,0,artifacts/policies/distilbert/comparison.csv,
high_protection,high_protection,1.0,1.0,1501,0.0,160,0.893404397068621,448.0,0.2984676882078614,0.2984676882078614,distilbert,development,policy_validation,1501,1501,0,artifacts/policies/distilbert/comparison.csv,
guarded_moderate,flat,0.5,0.4996668887408394,750,,2,0.9973333333333332,2.0,0.0026666666666666,0.0013324450366422,guarded_distilbert,development,policy_validation,1501,750,0,artifacts/policies/guarded_distilbert/comparison.csv,0.0
guarded_moderate,moderate,0.5,0.4996668887408394,750,,2,0.9973333333333332,4.0,0.0053333333333333,0.0026648900732844,guarded_distilbert,development,policy_validation,1501,750,0,artifacts/policies/guarded_distilbert/comparison.csv,0.0
guarded_moderate,high_protection,0.5,0.4996668887408394,750,,2,0.9973333333333332,6.0,0.008,0.0039973351099267,guarded_distilbert,development,policy_validation,1501,750,0,artifacts/policies/guarded_distilbert/comparison.csv,0.0
confidence_requested_budget,flat,0.5,0.4996668887408394,750,,2,0.9973333333333332,2.0,0.0026666666666666,0.0013324450366422,guarded_distilbert,development,policy_validation,1501,750,0,artifacts/policies/guarded_distilbert/comparison.csv,58.0
confidence_requested_budget,moderate,0.5,0.4996668887408394,750,,2,0.9973333333333332,4.0,0.0053333333333333,0.0026648900732844,guarded_distilbert,development,policy_validation,1501,750,0,artifacts/policies/guarded_distilbert/comparison.csv,58.0
confidence_requested_budget,high_protection,0.5,0.4996668887408394,750,,2,0.9973333333333332,6.0,0.008,0.0039973351099267,guarded_distilbert,development,policy_validation,1501,750,0,artifacts/policies/guarded_distilbert/comparison.csv,58.0
confidence_matched_budget,flat,0.5,0.4996668887408394,750,,2,0.9973333333333332,2.0,0.0026666666666666,0.0013324450366422,guarded_distilbert,development,policy_validation,1501,750,0,artifacts/policies/guarded_distilbert/comparison.csv,58.0
confidence_matched_budget,moderate,0.5,0.4996668887408394,750,,2,0.9973333333333332,4.0,0.0053333333333333,0.0026648900732844,guarded_distilbert,development,policy_validation,1501,750,0,artifacts/policies/guarded_distilbert/comparison.csv,58.0
confidence_matched_budget,high_protection,0.5,0.4996668887408394,750,,2,0.9973333333333332,6.0,0.008,0.0039973351099267,guarded_distilbert,development,policy_validation,1501,750,0,artifacts/policies/guarded_distilbert/comparison.csv,58.0
moderate_requested_budget,flat,0.5,0.4996668887408394,750,,2,0.9973333333333332,2.0,0.0026666666666666,0.0013324450366422,guarded_distilbert,development,policy_validation,1501,750,0,artifacts/policies/guarded_distilbert/comparison.csv,0.0
moderate_requested_budget,moderate,0.5,0.4996668887408394,750,,2,0.9973333333333332,4.0,0.0053333333333333,0.0026648900732844,guarded_distilbert,development,policy_validation,1501,750,0,artifacts/policies/guarded_distilbert/comparison.csv,0.0
moderate_requested_budget,high_protection,0.5,0.4996668887408394,750,,2,0.9973333333333332,6.0,0.008,0.0039973351099267,guarded_distilbert,development,policy_validation,1501,750,0,artifacts/policies/guarded_distilbert/comparison.csv,0.0
moderate_matched_budget,flat,0.5,0.4996668887408394,750,,2,0.9973333333333332,2.0,0.0026666666666666,0.0013324450366422,guarded_distilbert,development,policy_validation,1501,750,0,artifacts/policies/guarded_distilbert/comparison.csv,0.0
moderate_matched_budget,moderate,0.5,0.4996668887408394,750,,2,0.9973333333333332,4.0,0.0053333333333333,0.0026648900732844,guarded_distilbert,development,policy_validation,1501,750,0,artifacts/policies/guarded_distilbert/comparison.csv,0.0
moderate_matched_budget,high_protection,0.5,0.4996668887408394,750,,2,0.9973333333333332,6.0,0.008,0.0039973351099267,guarded_distilbert,development,policy_validation,1501,750,0,artifacts/policies/guarded_distilbert/comparison.csv,0.0
guarded_moderate,flat,0.7,0.6995336442371752,1050,,14,0.9866666666666668,14.0,0.0133333333333333,0.0093271152564956,guarded_distilbert,development,policy_validation,1501,1050,0,artifacts/policies/guarded_distilbert/comparison.csv,0.0
guarded_moderate,moderate,0.7,0.6995336442371752,1050,,14,0.9866666666666668,21.0,0.02,0.0139906728847435,guarded_distilbert,development,policy_validation,1501,1050,0,artifacts/policies/guarded_distilbert/comparison.csv,0.0
guarded_moderate,high_protection,0.7,0.6995336442371752,1050,,14,0.9866666666666668,28.0,0.0266666666666666,0.0186542305129913,guarded_distilbert,development,policy_validation,1501,1050,0,artifacts/policies/guarded_distilbert/comparison.csv,0.0
confidence_requested_budget,flat,0.7,0.6995336442371752,1050,,14,0.9866666666666668,14.0,0.0133333333333333,0.0093271152564956,guarded_distilbert,development,policy_validation,1501,1050,0,artifacts/policies/guarded_distilbert/comparison.csv,52.0
confidence_requested_budget,moderate,0.7,0.6995336442371752,1050,,14,0.9866666666666668,29.0,0.0276190476190476,0.0193204530313124,guarded_distilbert,development,policy_validation,1501,1050,0,artifacts/policies/guarded_distilbert/comparison.csv,52.0
confidence_requested_budget,high_protection,0.7,0.6995336442371752,1050,,14,0.9866666666666668,45.0,0.0428571428571428,0.0299800133244503,guarded_distilbert,development,policy_validation,1501,1050,0,artifacts/policies/guarded_distilbert/comparison.csv,52.0
confidence_matched_budget,flat,0.7,0.6995336442371752,1050,,14,0.9866666666666668,14.0,0.0133333333333333,0.0093271152564956,guarded_distilbert,development,policy_validation,1501,1050,0,artifacts/policies/guarded_distilbert/comparison.csv,52.0
confidence_matched_budget,moderate,0.7,0.6995336442371752,1050,,14,0.9866666666666668,29.0,0.0276190476190476,0.0193204530313124,guarded_distilbert,development,policy_validation,1501,1050,0,artifacts/policies/guarded_distilbert/comparison.csv,52.0
confidence_matched_budget,high_protection,0.7,0.6995336442371752,1050,,14,0.9866666666666668,45.0,0.0428571428571428,0.0299800133244503,guarded_distilbert,development,policy_validation,1501,1050,0,artifacts/policies/guarded_distilbert/comparison.csv,52.0
moderate_requested_budget,flat,0.7,0.6995336442371752,1050,,14,0.9866666666666668,14.0,0.0133333333333333,0.0093271152564956,guarded_distilbert,development,policy_validation,1501,1050,0,artifacts/policies/guarded_distilbert/comparison.csv,0.0
moderate_requested_budget,moderate,0.7,0.6995336442371752,1050,,14,0.9866666666666668,21.0,0.02,0.0139906728847435,guarded_distilbert,development,policy_validation,1501,1050,0,artifacts/policies/guarded_distilbert/comparison.csv,0.0
moderate_requested_budget,high_protection,0.7,0.6995336442371752,1050,,14,0.9866666666666668,28.0,0.0266666666666666,0.0186542305129913,guarded_distilbert,development,policy_validation,1501,1050,0,artifacts/policies/guarded_distilbert/comparison.csv,0.0
moderate_matched_budget,flat,0.7,0.6995336442371752,1050,,14,0.9866666666666668,14.0,0.0133333333333333,0.0093271152564956,guarded_distilbert,development,policy_validation,1501,1050,0,artifacts/policies/guarded_distilbert/comparison.csv,0.0
moderate_matched_budget,moderate,0.7,0.6995336442371752,1050,,14,0.9866666666666668,21.0,0.02,0.0139906728847435,guarded_distilbert,development,policy_validation,1501,1050,0,artifacts/policies/guarded_distilbert/comparison.csv,0.0
moderate_matched_budget,high_protection,0.7,0.6995336442371752,1050,,14,0.9866666666666668,28.0,0.0266666666666666,0.0186542305129913,guarded_distilbert,development,policy_validation,1501,1050,0,artifacts/policies/guarded_distilbert/comparison.csv,0.0
guarded_moderate,flat,0.8,0.7994670219853431,1200,,35,0.9708333333333332,35.0,0.0291666666666666,0.0233177881412391,guarded_distilbert,development,policy_validation,1501,1200,0,artifacts/policies/guarded_distilbert/comparison.csv,0.0
guarded_moderate,moderate,0.8,0.7994670219853431,1200,,35,0.9708333333333332,59.0,0.0491666666666666,0.039307128580946,guarded_distilbert,development,policy_validation,1501,1200,0,artifacts/policies/guarded_distilbert/comparison.csv,0.0
guarded_moderate,high_protection,0.8,0.7994670219853431,1200,,35,0.9708333333333332,84.0,0.07,0.055962691538974,guarded_distilbert,development,policy_validation,1501,1200,0,artifacts/policies/guarded_distilbert/comparison.csv,0.0
confidence_requested_budget,flat,0.8,0.7994670219853431,1200,,29,0.9758333333333332,29.0,0.0241666666666666,0.0193204530313124,guarded_distilbert,development,policy_validation,1501,1200,0,artifacts/policies/guarded_distilbert/comparison.csv,46.0
confidence_requested_budget,moderate,0.8,0.7994670219853431,1200,,29,0.9758333333333332,56.0,0.0466666666666666,0.0373084610259826,guarded_distilbert,development,policy_validation,1501,1200,0,artifacts/policies/guarded_distilbert/comparison.csv,46.0
confidence_requested_budget,high_protection,0.8,0.7994670219853431,1200,,29,0.9758333333333332,84.0,0.07,0.055962691538974,guarded_distilbert,development,policy_validation,1501,1200,0,artifacts/policies/guarded_distilbert/comparison.csv,46.0
confidence_matched_budget,flat,0.8,0.7994670219853431,1200,,29,0.9758333333333332,29.0,0.0241666666666666,0.0193204530313124,guarded_distilbert,development,policy_validation,1501,1200,0,artifacts/policies/guarded_distilbert/comparison.csv,46.0
confidence_matched_budget,moderate,0.8,0.7994670219853431,1200,,29,0.9758333333333332,56.0,0.0466666666666666,0.0373084610259826,guarded_distilbert,development,policy_validation,1501,1200,0,artifacts/policies/guarded_distilbert/comparison.csv,46.0
confidence_matched_budget,high_protection,0.8,0.7994670219853431,1200,,29,0.9758333333333332,84.0,0.07,0.055962691538974,guarded_distilbert,development,policy_validation,1501,1200,0,artifacts/policies/guarded_distilbert/comparison.csv,46.0
moderate_requested_budget,flat,0.8,0.7994670219853431,1200,,35,0.9708333333333332,35.0,0.0291666666666666,0.0233177881412391,guarded_distilbert,development,policy_validation,1501,1200,0,artifacts/policies/guarded_distilbert/comparison.csv,0.0
moderate_requested_budget,moderate,0.8,0.7994670219853431,1200,,35,0.9708333333333332,59.0,0.0491666666666666,0.039307128580946,guarded_distilbert,development,policy_validation,1501,1200,0,artifacts/policies/guarded_distilbert/comparison.csv,0.0
moderate_requested_budget,high_protection,0.8,0.7994670219853431,1200,,35,0.9708333333333332,84.0,0.07,0.055962691538974,guarded_distilbert,development,policy_validation,1501,1200,0,artifacts/policies/guarded_distilbert/comparison.csv,0.0
moderate_matched_budget,flat,0.8,0.7994670219853431,1200,,35,0.9708333333333332,35.0,0.0291666666666666,0.0233177881412391,guarded_distilbert,development,policy_validation,1501,1200,0,artifacts/policies/guarded_distilbert/comparison.csv,0.0
moderate_matched_budget,moderate,0.8,0.7994670219853431,1200,,35,0.9708333333333332,59.0,0.0491666666666666,0.039307128580946,guarded_distilbert,development,policy_validation,1501,1200,0,artifacts/policies/guarded_distilbert/comparison.csv,0.0
moderate_matched_budget,high_protection,0.8,0.7994670219853431,1200,,35,0.9708333333333332,84.0,0.07,0.055962691538974,guarded_distilbert,development,policy_validation,1501,1200,0,artifacts/policies/guarded_distilbert/comparison.csv,0.0
guarded_moderate,flat,0.9,0.899400399733511,1350,,73,0.945925925925926,73.0,0.054074074074074,0.0486342438374417,guarded_distilbert,development,policy_validation,1501,1350,0,artifacts/policies/guarded_distilbert/comparison.csv,0.0
guarded_moderate,moderate,0.9,0.899400399733511,1350,,73,0.945925925925926,120.0,0.0888888888888888,0.0799467021985343,guarded_distilbert,development,policy_validation,1501,1350,0,artifacts/policies/guarded_distilbert/comparison.csv,0.0
guarded_moderate,high_protection,0.9,0.899400399733511,1350,,73,0.945925925925926,168.0,0.1244444444444444,0.111925383077948,guarded_distilbert,development,policy_validation,1501,1350,0,artifacts/policies/guarded_distilbert/comparison.csv,0.0
confidence_requested_budget,flat,0.9,0.899400399733511,1350,,68,0.9496296296296296,68.0,0.0503703703703703,0.0453031312458361,guarded_distilbert,development,policy_validation,1501,1350,0,artifacts/policies/guarded_distilbert/comparison.csv,46.0
confidence_requested_budget,moderate,0.9,0.899400399733511,1350,,68,0.9496296296296296,128.0,0.0948148148148148,0.0852764823451032,guarded_distilbert,development,policy_validation,1501,1350,0,artifacts/policies/guarded_distilbert/comparison.csv,46.0
confidence_requested_budget,high_protection,0.9,0.899400399733511,1350,,68,0.9496296296296296,190.0,0.1407407407407407,0.1265822784810126,guarded_distilbert,development,policy_validation,1501,1350,0,artifacts/policies/guarded_distilbert/comparison.csv,46.0
confidence_matched_budget,flat,0.9,0.899400399733511,1350,,68,0.9496296296296296,68.0,0.0503703703703703,0.0453031312458361,guarded_distilbert,development,policy_validation,1501,1350,0,artifacts/policies/guarded_distilbert/comparison.csv,46.0
confidence_matched_budget,moderate,0.9,0.899400399733511,1350,,68,0.9496296296296296,128.0,0.0948148148148148,0.0852764823451032,guarded_distilbert,development,policy_validation,1501,1350,0,artifacts/policies/guarded_distilbert/comparison.csv,46.0
confidence_matched_budget,high_protection,0.9,0.899400399733511,1350,,68,0.9496296296296296,190.0,0.1407407407407407,0.1265822784810126,guarded_distilbert,development,policy_validation,1501,1350,0,artifacts/policies/guarded_distilbert/comparison.csv,46.0
moderate_requested_budget,flat,0.9,0.899400399733511,1350,,73,0.945925925925926,73.0,0.054074074074074,0.0486342438374417,guarded_distilbert,development,policy_validation,1501,1350,0,artifacts/policies/guarded_distilbert/comparison.csv,0.0
moderate_requested_budget,moderate,0.9,0.899400399733511,1350,,73,0.945925925925926,120.0,0.0888888888888888,0.0799467021985343,guarded_distilbert,development,policy_validation,1501,1350,0,artifacts/policies/guarded_distilbert/comparison.csv,0.0
moderate_requested_budget,high_protection,0.9,0.899400399733511,1350,,73,0.945925925925926,168.0,0.1244444444444444,0.111925383077948,guarded_distilbert,development,policy_validation,1501,1350,0,artifacts/policies/guarded_distilbert/comparison.csv,0.0
moderate_matched_budget,flat,0.9,0.899400399733511,1350,,73,0.945925925925926,73.0,0.054074074074074,0.0486342438374417,guarded_distilbert,development,policy_validation,1501,1350,0,artifacts/policies/guarded_distilbert/comparison.csv,0.0
moderate_matched_budget,moderate,0.9,0.899400399733511,1350,,73,0.945925925925926,120.0,0.0888888888888888,0.0799467021985343,guarded_distilbert,development,policy_validation,1501,1350,0,artifacts/policies/guarded_distilbert/comparison.csv,0.0
moderate_matched_budget,high_protection,0.9,0.899400399733511,1350,,73,0.945925925925926,168.0,0.1244444444444444,0.111925383077948,guarded_distilbert,development,policy_validation,1501,1350,0,artifacts/policies/guarded_distilbert/comparison.csv,0.0
guarded_moderate,flat,1.0,0.9626915389740172,1445,,118,0.9183391003460208,118.0,0.0816608996539792,0.078614257161892,guarded_distilbert,development,policy_validation,1501,1501,56,artifacts/policies/guarded_distilbert/comparison.csv,56.0
guarded_moderate,moderate,1.0,0.9626915389740172,1445,,118,0.9183391003460208,219.0,0.1515570934256055,0.1459027315123251,guarded_distilbert,development,policy_validation,1501,1501,56,artifacts/policies/guarded_distilbert/comparison.csv,56.0
guarded_moderate,high_protection,1.0,0.9626915389740172,1445,,118,0.9183391003460208,324.0,0.2242214532871972,0.2158560959360426,guarded_distilbert,development,policy_validation,1501,1501,56,artifacts/policies/guarded_distilbert/comparison.csv,56.0
confidence_requested_budget,flat,1.0,1.0,1501,,160,0.893404397068621,160.0,0.106595602931379,0.106595602931379,guarded_distilbert,development,policy_validation,1501,1501,0,artifacts/policies/guarded_distilbert/comparison.csv,0.0
confidence_requested_budget,moderate,1.0,1.0,1501,,160,0.893404397068621,300.0,0.1998667554963357,0.1998667554963357,guarded_distilbert,development,policy_validation,1501,1501,0,artifacts/policies/guarded_distilbert/comparison.csv,0.0
confidence_requested_budget,high_protection,1.0,1.0,1501,,160,0.893404397068621,448.0,0.2984676882078614,0.2984676882078614,guarded_distilbert,development,policy_validation,1501,1501,0,artifacts/policies/guarded_distilbert/comparison.csv,0.0
confidence_matched_budget,flat,1.0,0.9626915389740172,1445,,118,0.9183391003460208,118.0,0.0816608996539792,0.078614257161892,guarded_distilbert,development,policy_validation,1501,1501,56,artifacts/policies/guarded_distilbert/comparison.csv,56.0
confidence_matched_budget,moderate,1.0,0.9626915389740172,1445,,118,0.9183391003460208,219.0,0.1515570934256055,0.1459027315123251,guarded_distilbert,development,policy_validation,1501,1501,56,artifacts/policies/guarded_distilbert/comparison.csv,56.0
confidence_matched_budget,high_protection,1.0,0.9626915389740172,1445,,118,0.9183391003460208,324.0,0.2242214532871972,0.2158560959360426,guarded_distilbert,development,policy_validation,1501,1501,56,artifacts/policies/guarded_distilbert/comparison.csv,56.0
moderate_requested_budget,flat,1.0,1.0,1501,,160,0.893404397068621,160.0,0.106595602931379,0.106595602931379,guarded_distilbert,development,policy_validation,1501,1501,0,artifacts/policies/guarded_distilbert/comparison.csv,0.0
moderate_requested_budget,moderate,1.0,1.0,1501,,160,0.893404397068621,300.0,0.1998667554963357,0.1998667554963357,guarded_distilbert,development,policy_validation,1501,1501,0,artifacts/policies/guarded_distilbert/comparison.csv,0.0
moderate_requested_budget,high_protection,1.0,1.0,1501,,160,0.893404397068621,448.0,0.2984676882078614,0.2984676882078614,guarded_distilbert,development,policy_validation,1501,1501,0,artifacts/policies/guarded_distilbert/comparison.csv,0.0
moderate_matched_budget,flat,1.0,0.9626915389740172,1445,,125,0.9134948096885812,125.0,0.0865051903114186,0.0832778147901399,guarded_distilbert,development,policy_validation,1501,1501,56,artifacts/policies/guarded_distilbert/comparison.csv,56.0
moderate_matched_budget,moderate,1.0,0.9626915389740172,1445,,125,0.9134948096885812,207.0,0.1432525951557093,0.1379080612924716,guarded_distilbert,development,policy_validation,1501,1501,56,artifacts/policies/guarded_distilbert/comparison.csv,56.0
moderate_matched_budget,high_protection,1.0,0.9626915389740172,1445,,125,0.9134948096885812,290.0,0.2006920415224913,0.1932045303131246,guarded_distilbert,development,policy_validation,1501,1501,56,artifacts/policies/guarded_distilbert/comparison.csv,56.0
confidence,flat,0.5,0.4996668887408394,750,,2,,2.0,0.0026666666666666,0.0013324450366422,lexical_distilbert,development,policy_validation,1501,750,0,artifacts/policies/lexical_distilbert/comparison.csv,
confidence,moderate,0.5,0.4996668887408394,750,,2,,4.0,0.0053333333333333,0.0026648900732844,lexical_distilbert,development,policy_validation,1501,750,0,artifacts/policies/lexical_distilbert/comparison.csv,
confidence,high_protection,0.5,0.4996668887408394,750,,2,,6.0,0.008,0.0039973351099267,lexical_distilbert,development,policy_validation,1501,750,0,artifacts/policies/lexical_distilbert/comparison.csv,
original_aura,flat,0.5,0.4996668887408394,750,,2,,2.0,0.0026666666666666,0.0013324450366422,lexical_distilbert,development,policy_validation,1501,750,0,artifacts/policies/lexical_distilbert/comparison.csv,
original_aura,moderate,0.5,0.4996668887408394,750,,2,,4.0,0.0053333333333333,0.0026648900732844,lexical_distilbert,development,policy_validation,1501,750,0,artifacts/policies/lexical_distilbert/comparison.csv,
original_aura,high_protection,0.5,0.4996668887408394,750,,2,,6.0,0.008,0.0039973351099267,lexical_distilbert,development,policy_validation,1501,750,0,artifacts/policies/lexical_distilbert/comparison.csv,
logit_margin,flat,0.5,0.4996668887408394,750,,2,,2.0,0.0026666666666666,0.0013324450366422,lexical_distilbert,development,policy_validation,1501,750,0,artifacts/policies/lexical_distilbert/comparison.csv,
logit_margin,moderate,0.5,0.4996668887408394,750,,2,,4.0,0.0053333333333333,0.0026648900732844,lexical_distilbert,development,policy_validation,1501,750,0,artifacts/policies/lexical_distilbert/comparison.csv,
logit_margin,high_protection,0.5,0.4996668887408394,750,,2,,6.0,0.008,0.0039973351099267,lexical_distilbert,development,policy_validation,1501,750,0,artifacts/policies/lexical_distilbert/comparison.csv,
semantic_gate,flat,0.5,0.4996668887408394,750,,2,,2.0,0.0026666666666666,0.0013324450366422,lexical_distilbert,development,policy_validation,1501,750,0,artifacts/policies/lexical_distilbert/comparison.csv,
semantic_gate,moderate,0.5,0.4996668887408394,750,,2,,4.0,0.0053333333333333,0.0026648900732844,lexical_distilbert,development,policy_validation,1501,750,0,artifacts/policies/lexical_distilbert/comparison.csv,
semantic_gate,high_protection,0.5,0.4996668887408394,750,,2,,6.0,0.008,0.0039973351099267,lexical_distilbert,development,policy_validation,1501,750,0,artifacts/policies/lexical_distilbert/comparison.csv,
signed_gate,flat,0.5,0.4996668887408394,750,,1,,1.0,0.0013333333333333,0.0006662225183211,lexical_distilbert,development,policy_validation,1501,750,0,artifacts/policies/lexical_distilbert/comparison.csv,
signed_gate,moderate,0.5,0.4996668887408394,750,,1,,2.0,0.0026666666666666,0.0013324450366422,lexical_distilbert,development,policy_validation,1501,750,0,artifacts/policies/lexical_distilbert/comparison.csv,
signed_gate,high_protection,0.5,0.4996668887408394,750,,1,,3.0,0.004,0.0019986675549633,lexical_distilbert,development,policy_validation,1501,750,0,artifacts/policies/lexical_distilbert/comparison.csv,
signed_cost_gate,flat,0.5,0.4996668887408394,750,,2,,2.0,0.0026666666666666,0.0013324450366422,lexical_distilbert,development,policy_validation,1501,750,0,artifacts/policies/lexical_distilbert/comparison.csv,
signed_cost_gate,moderate,0.5,0.4996668887408394,750,,2,,3.0,0.004,0.0019986675549633,lexical_distilbert,development,policy_validation,1501,750,0,artifacts/policies/lexical_distilbert/comparison.csv,
signed_cost_gate,high_protection,0.5,0.4996668887408394,750,,2,,4.0,0.0053333333333333,0.0026648900732844,lexical_distilbert,development,policy_validation,1501,750,0,artifacts/policies/lexical_distilbert/comparison.csv,
confidence,flat,0.7,0.6995336442371752,1050,,14,,14.0,0.0133333333333333,0.0093271152564956,lexical_distilbert,development,policy_validation,1501,1050,0,artifacts/policies/lexical_distilbert/comparison.csv,
confidence,moderate,0.7,0.6995336442371752,1050,,14,,29.0,0.0276190476190476,0.0193204530313124,lexical_distilbert,development,policy_validation,1501,1050,0,artifacts/policies/lexical_distilbert/comparison.csv,
confidence,high_protection,0.7,0.6995336442371752,1050,,14,,45.0,0.0428571428571428,0.0299800133244503,lexical_distilbert,development,policy_validation,1501,1050,0,artifacts/policies/lexical_distilbert/comparison.csv,
original_aura,flat,0.7,0.6995336442371752,1050,,14,,14.0,0.0133333333333333,0.0093271152564956,lexical_distilbert,development,policy_validation,1501,1050,0,artifacts/policies/lexical_distilbert/comparison.csv,
original_aura,moderate,0.7,0.6995336442371752,1050,,14,,21.0,0.02,0.0139906728847435,lexical_distilbert,development,policy_validation,1501,1050,0,artifacts/policies/lexical_distilbert/comparison.csv,
original_aura,high_protection,0.7,0.6995336442371752,1050,,14,,28.0,0.0266666666666666,0.0186542305129913,lexical_distilbert,development,policy_validation,1501,1050,0,artifacts/policies/lexical_distilbert/comparison.csv,
logit_margin,flat,0.7,0.6995336442371752,1050,,17,,17.0,0.0161904761904761,0.011325782811459,lexical_distilbert,development,policy_validation,1501,1050,0,artifacts/policies/lexical_distilbert/comparison.csv,
logit_margin,moderate,0.7,0.6995336442371752,1050,,17,,35.0,0.0333333333333333,0.0233177881412391,lexical_distilbert,development,policy_validation,1501,1050,0,artifacts/policies/lexical_distilbert/comparison.csv,
logit_margin,high_protection,0.7,0.6995336442371752,1050,,17,,54.0,0.0514285714285714,0.0359760159893404,lexical_distilbert,development,policy_validation,1501,1050,0,artifacts/policies/lexical_distilbert/comparison.csv,
semantic_gate,flat,0.7,0.6995336442371752,1050,,17,,17.0,0.0161904761904761,0.011325782811459,lexical_distilbert,development,policy_validation,1501,1050,0,artifacts/policies/lexical_distilbert/comparison.csv,
semantic_gate,moderate,0.7,0.6995336442371752,1050,,17,,35.0,0.0333333333333333,0.0233177881412391,lexical_distilbert,development,policy_validation,1501,1050,0,artifacts/policies/lexical_distilbert/comparison.csv,
semantic_gate,high_protection,0.7,0.6995336442371752,1050,,17,,54.0,0.0514285714285714,0.0359760159893404,lexical_distilbert,development,policy_validation,1501,1050,0,artifacts/policies/lexical_distilbert/comparison.csv,
signed_gate,flat,0.7,0.6995336442371752,1050,,9,,9.0,0.0085714285714285,0.00599600266489,lexical_distilbert,development,policy_validation,1501,1050,0,artifacts/policies/lexical_distilbert/comparison.csv,
signed_gate,moderate,0.7,0.6995336442371752,1050,,9,,13.0,0.0123809523809523,0.0086608927381745,lexical_distilbert,development,policy_validation,1501,1050,0,artifacts/policies/lexical_distilbert/comparison.csv,
signed_gate,high_protection,0.7,0.6995336442371752,1050,,9,,17.0,0.0161904761904761,0.011325782811459,lexical_distilbert,development,policy_validation,1501,1050,0,artifacts/policies/lexical_distilbert/comparison.csv,
signed_cost_gate,flat,0.7,0.6995336442371752,1050,,10,,10.0,0.0095238095238095,0.0066622251832111,lexical_distilbert,development,policy_validation,1501,1050,0,artifacts/policies/lexical_distilbert/comparison.csv,
signed_cost_gate,moderate,0.7,0.6995336442371752,1050,,10,,14.0,0.0133333333333333,0.0093271152564956,lexical_distilbert,development,policy_validation,1501,1050,0,artifacts/policies/lexical_distilbert/comparison.csv,
signed_cost_gate,high_protection,0.7,0.6995336442371752,1050,,10,,18.0,0.0171428571428571,0.0119920053297801,lexical_distilbert,development,policy_validation,1501,1050,0,artifacts/policies/lexical_distilbert/comparison.csv,
confidence,flat,0.8,0.7994670219853431,1200,,29,,29.0,0.0241666666666666,0.0193204530313124,lexical_distilbert,development,policy_validation,1501,1200,0,artifacts/policies/lexical_distilbert/comparison.csv,
confidence,moderate,0.8,0.7994670219853431,1200,,29,,56.0,0.0466666666666666,0.0373084610259826,lexical_distilbert,development,policy_validation,1501,1200,0,artifacts/policies/lexical_distilbert/comparison.csv,
confidence,high_protection,0.8,0.7994670219853431,1200,,29,,84.0,0.07,0.055962691538974,lexical_distilbert,development,policy_validation,1501,1200,0,artifacts/policies/lexical_distilbert/comparison.csv,
original_aura,flat,0.8,0.7994670219853431,1200,,35,,35.0,0.0291666666666666,0.0233177881412391,lexical_distilbert,development,policy_validation,1501,1200,0,artifacts/policies/lexical_distilbert/comparison.csv,
original_aura,moderate,0.8,0.7994670219853431,1200,,35,,59.0,0.0491666666666666,0.039307128580946,lexical_distilbert,development,policy_validation,1501,1200,0,artifacts/policies/lexical_distilbert/comparison.csv,
original_aura,high_protection,0.8,0.7994670219853431,1200,,35,,84.0,0.07,0.055962691538974,lexical_distilbert,development,policy_validation,1501,1200,0,artifacts/policies/lexical_distilbert/comparison.csv,
logit_margin,flat,0.8,0.7994670219853431,1200,,30,,30.0,0.025,0.0199866755496335,lexical_distilbert,development,policy_validation,1501,1200,0,artifacts/policies/lexical_distilbert/comparison.csv,
logit_margin,moderate,0.8,0.7994670219853431,1200,,30,,57.0,0.0475,0.0379746835443038,lexical_distilbert,development,policy_validation,1501,1200,0,artifacts/policies/lexical_distilbert/comparison.csv,
logit_margin,high_protection,0.8,0.7994670219853431,1200,,30,,85.0,0.0708333333333333,0.0566289140572951,lexical_distilbert,development,policy_validation,1501,1200,0,artifacts/policies/lexical_distilbert/comparison.csv,
semantic_gate,flat,0.8,0.7994670219853431,1200,,30,,30.0,0.025,0.0199866755496335,lexical_distilbert,development,policy_validation,1501,1200,0,artifacts/policies/lexical_distilbert/comparison.csv,
semantic_gate,moderate,0.8,0.7994670219853431,1200,,30,,57.0,0.0475,0.0379746835443038,lexical_distilbert,development,policy_validation,1501,1200,0,artifacts/policies/lexical_distilbert/comparison.csv,
semantic_gate,high_protection,0.8,0.7994670219853431,1200,,30,,85.0,0.0708333333333333,0.0566289140572951,lexical_distilbert,development,policy_validation,1501,1200,0,artifacts/policies/lexical_distilbert/comparison.csv,
signed_gate,flat,0.8,0.7994670219853431,1200,,22,,22.0,0.0183333333333333,0.0146568954030646,lexical_distilbert,development,policy_validation,1501,1200,0,artifacts/policies/lexical_distilbert/comparison.csv,
signed_gate,moderate,0.8,0.7994670219853431,1200,,22,,46.0,0.0383333333333333,0.0306462358427714,lexical_distilbert,development,policy_validation,1501,1200,0,artifacts/policies/lexical_distilbert/comparison.csv,
signed_gate,high_protection,0.8,0.7994670219853431,1200,,22,,71.0,0.0591666666666666,0.0473017988007994,lexical_distilbert,development,policy_validation,1501,1200,0,artifacts/policies/lexical_distilbert/comparison.csv,
signed_cost_gate,flat,0.8,0.7994670219853431,1200,,20,,20.0,0.0166666666666666,0.0133244503664223,lexical_distilbert,development,policy_validation,1501,1200,0,artifacts/policies/lexical_distilbert/comparison.csv,
signed_cost_gate,moderate,0.8,0.7994670219853431,1200,,20,,33.0,0.0275,0.0219853431045969,lexical_distilbert,development,policy_validation,1501,1200,0,artifacts/policies/lexical_distilbert/comparison.csv,
signed_cost_gate,high_protection,0.8,0.7994670219853431,1200,,20,,46.0,0.0383333333333333,0.0306462358427714,lexical_distilbert,development,policy_validation,1501,1200,0,artifacts/policies/lexical_distilbert/comparison.csv,
confidence,flat,0.9,0.899400399733511,1350,,68,,68.0,0.0503703703703703,0.0453031312458361,lexical_distilbert,development,policy_validation,1501,1350,0,artifacts/policies/lexical_distilbert/comparison.csv,
confidence,moderate,0.9,0.899400399733511,1350,,68,,128.0,0.0948148148148148,0.0852764823451032,lexical_distilbert,development,policy_validation,1501,1350,0,artifacts/policies/lexical_distilbert/comparison.csv,
confidence,high_protection,0.9,0.899400399733511,1350,,68,,190.0,0.1407407407407407,0.1265822784810126,lexical_distilbert,development,policy_validation,1501,1350,0,artifacts/policies/lexical_distilbert/comparison.csv,
original_aura,flat,0.9,0.899400399733511,1350,,73,,73.0,0.054074074074074,0.0486342438374417,lexical_distilbert,development,policy_validation,1501,1350,0,artifacts/policies/lexical_distilbert/comparison.csv,
original_aura,moderate,0.9,0.899400399733511,1350,,73,,120.0,0.0888888888888888,0.0799467021985343,lexical_distilbert,development,policy_validation,1501,1350,0,artifacts/policies/lexical_distilbert/comparison.csv,
original_aura,high_protection,0.9,0.899400399733511,1350,,73,,168.0,0.1244444444444444,0.111925383077948,lexical_distilbert,development,policy_validation,1501,1350,0,artifacts/policies/lexical_distilbert/comparison.csv,
logit_margin,flat,0.9,0.899400399733511,1350,,77,,77.0,0.057037037037037,0.0512991339107261,lexical_distilbert,development,policy_validation,1501,1350,0,artifacts/policies/lexical_distilbert/comparison.csv,
logit_margin,moderate,0.9,0.899400399733511,1350,,77,,142.0,0.1051851851851851,0.0946035976015989,lexical_distilbert,development,policy_validation,1501,1350,0,artifacts/policies/lexical_distilbert/comparison.csv,
logit_margin,high_protection,0.9,0.899400399733511,1350,,77,,209.0,0.1548148148148148,0.1392405063291139,lexical_distilbert,development,policy_validation,1501,1350,0,artifacts/policies/lexical_distilbert/comparison.csv,
semantic_gate,flat,0.9,0.899400399733511,1350,,77,,77.0,0.057037037037037,0.0512991339107261,lexical_distilbert,development,policy_validation,1501,1350,0,artifacts/policies/lexical_distilbert/comparison.csv,
semantic_gate,moderate,0.9,0.899400399733511,1350,,77,,142.0,0.1051851851851851,0.0946035976015989,lexical_distilbert,development,policy_validation,1501,1350,0,artifacts/policies/lexical_distilbert/comparison.csv,
semantic_gate,high_protection,0.9,0.899400399733511,1350,,77,,209.0,0.1548148148148148,0.1392405063291139,lexical_distilbert,development,policy_validation,1501,1350,0,artifacts/policies/lexical_distilbert/comparison.csv,
signed_gate,flat,0.9,0.899400399733511,1350,,52,,52.0,0.0385185185185185,0.0346435709526982,lexical_distilbert,development,policy_validation,1501,1350,0,artifacts/policies/lexical_distilbert/comparison.csv,
signed_gate,moderate,0.9,0.899400399733511,1350,,52,,104.0,0.077037037037037,0.0692871419053964,lexical_distilbert,development,policy_validation,1501,1350,0,artifacts/policies/lexical_distilbert/comparison.csv,
signed_gate,high_protection,0.9,0.899400399733511,1350,,52,,159.0,0.1177777777777777,0.1059293804130579,lexical_distilbert,development,policy_validation,1501,1350,0,artifacts/policies/lexical_distilbert/comparison.csv,
signed_cost_gate,flat,0.9,0.899400399733511,1350,,54,,54.0,0.04,0.0359760159893404,lexical_distilbert,development,policy_validation,1501,1350,0,artifacts/policies/lexical_distilbert/comparison.csv,
signed_cost_gate,moderate,0.9,0.899400399733511,1350,,54,,96.0,0.0711111111111111,0.0639573617588274,lexical_distilbert,development,policy_validation,1501,1350,0,artifacts/policies/lexical_distilbert/comparison.csv,
signed_cost_gate,high_protection,0.9,0.899400399733511,1350,,54,,139.0,0.1029629629629629,0.0926049300466355,lexical_distilbert,development,policy_validation,1501,1350,0,artifacts/policies/lexical_distilbert/comparison.csv,
confidence,flat,1.0,1.0,1501,,160,,160.0,0.106595602931379,0.106595602931379,lexical_distilbert,development,policy_validation,1501,1501,0,artifacts/policies/lexical_distilbert/comparison.csv,
confidence,moderate,1.0,1.0,1501,,160,,300.0,0.1998667554963357,0.1998667554963357,lexical_distilbert,development,policy_validation,1501,1501,0,artifacts/policies/lexical_distilbert/comparison.csv,
confidence,high_protection,1.0,1.0,1501,,160,,448.0,0.2984676882078614,0.2984676882078614,lexical_distilbert,development,policy_validation,1501,1501,0,artifacts/policies/lexical_distilbert/comparison.csv,
original_aura,flat,1.0,1.0,1501,,160,,160.0,0.106595602931379,0.106595602931379,lexical_distilbert,development,policy_validation,1501,1501,0,artifacts/policies/lexical_distilbert/comparison.csv,
original_aura,moderate,1.0,1.0,1501,,160,,300.0,0.1998667554963357,0.1998667554963357,lexical_distilbert,development,policy_validation,1501,1501,0,artifacts/policies/lexical_distilbert/comparison.csv,
original_aura,high_protection,1.0,1.0,1501,,160,,448.0,0.2984676882078614,0.2984676882078614,lexical_distilbert,development,policy_validation,1501,1501,0,artifacts/policies/lexical_distilbert/comparison.csv,
logit_margin,flat,1.0,1.0,1501,,160,,160.0,0.106595602931379,0.106595602931379,lexical_distilbert,development,policy_validation,1501,1501,0,artifacts/policies/lexical_distilbert/comparison.csv,
logit_margin,moderate,1.0,1.0,1501,,160,,300.0,0.1998667554963357,0.1998667554963357,lexical_distilbert,development,policy_validation,1501,1501,0,artifacts/policies/lexical_distilbert/comparison.csv,
logit_margin,high_protection,1.0,1.0,1501,,160,,448.0,0.2984676882078614,0.2984676882078614,lexical_distilbert,development,policy_validation,1501,1501,0,artifacts/policies/lexical_distilbert/comparison.csv,
semantic_gate,flat,1.0,1.0,1501,,160,,160.0,0.106595602931379,0.106595602931379,lexical_distilbert,development,policy_validation,1501,1501,0,artifacts/policies/lexical_distilbert/comparison.csv,
semantic_gate,moderate,1.0,1.0,1501,,160,,300.0,0.1998667554963357,0.1998667554963357,lexical_distilbert,development,policy_validation,1501,1501,0,artifacts/policies/lexical_distilbert/comparison.csv,
semantic_gate,high_protection,1.0,1.0,1501,,160,,448.0,0.2984676882078614,0.2984676882078614,lexical_distilbert,development,policy_validation,1501,1501,0,artifacts/policies/lexical_distilbert/comparison.csv,
signed_gate,flat,1.0,1.0,1501,,160,,160.0,0.106595602931379,0.106595602931379,lexical_distilbert,development,policy_validation,1501,1501,0,artifacts/policies/lexical_distilbert/comparison.csv,
signed_gate,moderate,1.0,1.0,1501,,160,,300.0,0.1998667554963357,0.1998667554963357,lexical_distilbert,development,policy_validation,1501,1501,0,artifacts/policies/lexical_distilbert/comparison.csv,
signed_gate,high_protection,1.0,1.0,1501,,160,,448.0,0.2984676882078614,0.2984676882078614,lexical_distilbert,development,policy_validation,1501,1501,0,artifacts/policies/lexical_distilbert/comparison.csv,
signed_cost_gate,flat,1.0,1.0,1501,,160,,160.0,0.106595602931379,0.106595602931379,lexical_distilbert,development,policy_validation,1501,1501,0,artifacts/policies/lexical_distilbert/comparison.csv,
signed_cost_gate,moderate,1.0,1.0,1501,,160,,300.0,0.1998667554963357,0.1998667554963357,lexical_distilbert,development,policy_validation,1501,1501,0,artifacts/policies/lexical_distilbert/comparison.csv,
signed_cost_gate,high_protection,1.0,1.0,1501,,160,,448.0,0.2984676882078614,0.2984676882078614,lexical_distilbert,development,policy_validation,1501,1501,0,artifacts/policies/lexical_distilbert/comparison.csv,
